person_a,person_b,weight
PHIL,RITA,33
LARRY,PHIL,13
LARRY,RITA,13
PHIL,RALPH,7
NED,PHIL,6
NANCY,PHIL,5
DEEJAY,PHIL,4
INSERT,PHIL,4
MARY,PHIL,4
PHIL,STEPHANIE,3
DEEJAY,SIDEKICK,3
CHUBBY MAN,PHIL,3
BUSTER,LARRY,3
BUSTER,PHIL,3
BUSTER,RITA,3
HAWLEY,PHIL,2
BOTH DEEJAYS,DEEJAY,2
BOTH DEEJAYS,PHIL,2
BOTH DEEJAYS,SIDEKICK,2
PHIL,SIDEKICK,2
C LOSE UP - CLOCK,PHIL,2
DEEJAY,HIS POV,2
HIS POV,PHIL,2
LARRY,NED,2
NED,RITA,2
PHIL,PHIL AND SIDEKICK,2
LARRY,WAITER,2
PHIL,WAITER,2
RITA,WAITER,2
GUS,PHIL,2
GUS,RALPH,2
PHIL,THEIR POV,2
NANCY,RITA,2
PHIL,PHIL'S POV,2
PHIL,SAME SCENE - ANOTHER DAY,2
RITA,SAME SCENE - ANOTHER DAY,2
ALEX,CONTESTANT,2
ALEX,PHIL,2
CONTESTANT,PHIL,2
LIBRARIAN,PHIL,2
BUSTER,FIRST OFFICIAL,2
DORIS,FRED,2
DORIS,PHIL,2
DORIS,RITA,2
FRED,PHIL,2
FRED,RITA,2
LATER,PHIL,2
LATER,RITA,2
NURSE,PHIL,2
HAWLEY,RITA,1
HAWLEY,STEPHANIE,1
RITA,STEPHANIE,1
A SIGN,PHIL,1
BOTH DEEJAYS,SIDEK ICK,1
DEEJAY,SIDEK ICK,1
PHIL,SIDEK ICK,1
SIDEK ICK,SIDEKICK,1
B U ST E R,BUSTER,1
B U ST E R,LARRY,1
B U ST E R,PHIL,1
B U ST E R,RITA,1
PATROLMAN,PHIL,1
INSERT,INSERT - A THICK BOOK,1
INSERT,NANCY,1
INSERT - A THICK BOOK,NANCY,1
INSERT - A THICK BOOK,PHIL,1
C LOSE UP - CLOCK,INSERT,1
C LOSE UP - CLOCK,STEPHANIE,1
INSERT,STEPHANIE,1
BOTH DEEJAYS,HIS POV,1
BOTH DEEJAYS,SIDEKICK AND PHIL,1
DEEJAY,SIDEKICK AND PHIL,1
HIS POV,SIDEKICK,1
HIS POV,SIDEKICK AND PHIL,1
PHIL,SIDEKICK AND PHIL,1
SIDEKICK,SIDEKICK AND PHIL,1
PASSERBY,PHIL,1
BUSTER,CLOSE UP - CLOCK,1
BUSTER,NED,1
CLOSE UP - CLOCK,LARRY,1
CLOSE UP - CLOCK,NED,1
CLOSE UP - CLOCK,PHIL,1
CLOSE UP - CLOCK,RITA,1
PHIL,PHIL AND DEEJAY,1
PHIL AND DEEJAY,PHIL AND SIDEKICK,1
PHIL AND DEEJAY,RITA,1
PHIL AND SIDEKICK,RITA,1
INSERT,LARRY,1
INSERT,RITA,1
INSERT,WAITER,1
INSERT,PSYCHOLOGIST,1
INSERT,SCIENTIST,1
PHIL,PSYCHOLOGIST,1
PHIL,SCIENTIST,1
PSYCHOLOGIST,SCIENTIST,1
LITTLE BOY,LITTLE GIRL,1
LITTLE BOY,T EACHER,1
LITTLE BOY,TEACHER,1
LITTLE GIRL,T EACHER,1
LITTLE GIRL,TEACHER,1
T EACHER,TEACHER,1
GUS,V RALPH,1
PHIL,V RALPH,1
RALPH,V RALPH,1
PHIL,POLICE CAR,1
C LOSE UP - CLOCK,DEEJAY,1
C LOSE UP - CLOCK,GUS,1
C LOSE UP - CLOCK,PHIL AND RALPH,1
C LOSE UP - CLOCK,PHIL AND SIDEKICK,1
C LOSE UP - CLOCK,RALPH,1
C LOSE UP - CLOCK,THEIR POV,1
DEEJAY,GUS,1
DEEJAY,PHIL AND RALPH,1
DEEJAY,PHIL AND SIDEKICK,1
DEEJAY,RALPH,1
DEEJAY,THEIR POV,1
GUS,PHIL AND RALPH,1
GUS,PHIL AND SIDEKICK,1
GUS,THEIR POV,1
PHIL,PHIL AND RALPH,1
PHIL AND RALPH,PHIL AND SIDEKICK,1
PHIL AND RALPH,RALPH,1
PHIL AND RALPH,THEIR POV,1
PHIL AND SIDEKICK,RALPH,1
PHIL AND SIDEKICK,THEIR POV,1
RALPH,THEIR POV,1
NANCY,NED,1
NANCY,WOMAN,1
PHIL,WOMAN,1
FIRST GUARD,PHIL,1
FIRST GUARD,S E C O N D GUARD,1
PHIL,S E C O N D GUARD,1
PHIL,SALESMAN,1
LARAINE,PHIL,1
ANGIE,PHIL,1
LARRY,PHIL'S POV,1
PHIL'S POV,RITA,1
PHIL,"THE--

           PHIL",1
RITA,"THE--

           PHIL",1
BARTENDER,PHIL,1
BARTENDER,R IT A,1
BARTENDER,RITA,1
BARTENDER,SAME SCENE - ANOTHER DAY,1
PHIL,R IT A,1
R IT A,RITA,1
R IT A,SAME SCENE - ANOTHER DAY,1
FIRST HUSTLER,NANCY,1
FIRST HUSTLER,PHIL,1
FIRST HUSTLER,RITA,1
FIRST HUSTLER,SECOND HUSTLER,1
NANCY,SECOND HUSTLER,1
PHIL,SECOND HUSTLER,1
RITA,SECOND HUSTLER,1
ALEX,ALEX TREBECK,1
ALEX,CLOSE UP - TV SET,1
ALEX TREBECK,CLOSE UP - TV SET,1
ALEX TREBECK,CONTESTANT,1
ALEX TREBECK,PHIL,1
CLOSE UP - TV SET,CONTESTANT,1
CLOSE UP - TV SET,PHIL,1
COP,DOG WALKER,1
COP,IPHIL,1
COP,JOEY,1
COP,LARRY,1
COP,MIKE AND SUE,1
COP,PHIL,1
COP,RITA,1
DOG WALKER,IPHIL,1
DOG WALKER,JOEY,1
DOG WALKER,LARRY,1
DOG WALKER,MIKE AND SUE,1
DOG WALKER,PHIL,1
DOG WALKER,RITA,1
IPHIL,JOEY,1
IPHIL,LARRY,1
IPHIL,MIKE AND SUE,1
IPHIL,PHIL,1
IPHIL,RITA,1
JOEY,LARRY,1
JOEY,MIKE AND SUE,1
JOEY,PHIL,1
JOEY,RITA,1
LARRY,MIKE AND SUE,1
MIKE AND SUE,PHIL,1
MIKE AND SUE,RITA,1
BYSTANDER,LIBRARIAN,1
BYSTANDER,PHIL,1
BYSTANDER,PHIL'S POV,1
LIBRARIAN,PHIL'S POV,1
B USTER,BUSTER,1
B USTER,FIRST OFFICIAL,1
B USTER,LARRY,1
B USTER,OTHER OFFICIAL,1
B USTER,PHIL,1
B USTER,RITA,1
BUSTER,OTHER OFFICIAL,1
FIRST OFFICIAL,LARRY,1
FIRST OFFICIAL,OTHER OFFICIAL,1
FIRST OFFICIAL,PHIL,1
FIRST OFFICIAL,RITA,1
LARRY,OTHER OFFICIAL,1
OTHER OFFICIAL,PHIL,1
OTHER OFFICIAL,RITA,1
A TV SCREEN,D RIVERS' POV,1
A TV SCREEN,REVEAL,1
D RIVERS' POV,REVEAL,1
DORIS,LARRY,1
DORIS,RALPH,1
DORIS,WAITER,1
FRED,LARRY,1
FRED,RALPH,1
FRED,WAITER,1
LARRY,RALPH,1
RALPH,RITA,1
RALPH,WAITER,1
C LOSE UP - THE CLOCK,LATER,1
C LOSE UP - THE CLOCK,PHIL,1
C LOSE UP - THE CLOCK,PIZZA GUY,1
C LOSE UP - THE CLOCK,RITA,1
C LOSE UP - THE CLOCK,THE PIZZA BOX - LATER,1
LATER,PIZZA GUY,1
LATER,THE PIZZA BOX - LATER,1
PHIL,PIZZA GUY,1
PHIL,THE PIZZA BOX - LATER,1
PIZZA GUY,RITA,1
PIZZA GUY,THE PIZZA BOX - LATER,1
RITA,THE PIZZA BOX - LATER,1
MARIE,PHIL,1
BUSINESSMAN,FIRST BUSINESSMAN,1
BUSINESSMAN,JERRY,1
BUSINESSMAN,PHIL,1
BUSINESSMAN,RITA,1
BUSINESSMAN,SECOND BUSINESSMAN,1
FIRST BUSINESSMAN,JERRY,1
FIRST BUSINESSMAN,PHIL,1
FIRST BUSINESSMAN,RITA,1
FIRST BUSINESSMAN,SECOND BUSINESSMAN,1
JERRY,PHIL,1
JERRY,RITA,1
JERRY,SECOND BUSINESSMAN,1
PHIL,SECOND BUSINESSMAN,1
RITA,SECOND BUSINESSMAN,1
ALL THE KIDS,KID,1
ALL THE KIDS,KIDS,1
ALL THE KIDS,PHIL,1
ALL THE KIDS,RITA,1
KID,KIDS,1
KID,PHIL,1
KID,RITA,1
KIDS,PHIL,1
KIDS,RITA,1
ANDY,BUD,1
ANDY,GLOW,1
ANDY,RITA,1
BUD,GLOW,1
BUD,RITA,1
GLOW,RITA,1
CLOSE UP - THE CLOCK,DEEJAY,1
CLOSE UP - THE CLOCK,DORIS,1
CLOSE UP - THE CLOCK,FRED,1
CLOSE UP - THE CLOCK,HIS POV,1
CLOSE UP - THE CLOCK,HIS POV - THE STREET,1
CLOSE UP - THE CLOCK,LATER,1
CLOSE UP - THE CLOCK,LEO,1
CLOSE UP - THE CLOCK,MARY,1
CLOSE UP - THE CLOCK,PHIL,1
CLOSE UP - THE CLOCK,RITA,1
CLOSE UP - THE CLOCK,S IDEKICK,1
DEEJAY,DORIS,1
DEEJAY,FRED,1
DEEJAY,HIS POV - THE STREET,1
DEEJAY,LATER,1
DEEJAY,LEO,1
DEEJAY,MARY,1
DEEJAY,RITA,1
DEEJAY,S IDEKICK,1
DORIS,HIS POV,1
DORIS,HIS POV - THE STREET,1
DORIS,LATER,1
DORIS,LEO,1
DORIS,MARY,1
DORIS,S IDEKICK,1
FRED,HIS POV,1
FRED,HIS POV - THE STREET,1
FRED,LATER,1
FRED,LEO,1
FRED,MARY,1
FRED,S IDEKICK,1
HIS POV,HIS POV - THE STREET,1
HIS POV,LATER,1
HIS POV,LEO,1
HIS POV,MARY,1
HIS POV,RITA,1
HIS POV,S IDEKICK,1
HIS POV - THE STREET,LATER,1
HIS POV - THE STREET,LEO,1
HIS POV - THE STREET,MARY,1
HIS POV - THE STREET,PHIL,1
HIS POV - THE STREET,RITA,1
HIS POV - THE STREET,S IDEKICK,1
LATER,LEO,1
LATER,MARY,1
LATER,S IDEKICK,1
LEO,MARY,1
LEO,PHIL,1
LEO,RITA,1
LEO,S IDEKICK,1
MARY,RITA,1
MARY,S IDEKICK,1
PHIL,S IDEKICK,1
RITA,S IDEKICK,1
A LADY,A MAN,1
A LADY,FLORIST,1
A LADY,LARRY,1
A LADY,NED,1
A LADY,PHIL,1
A MAN,FLORIST,1
A MAN,LARRY,1
A MAN,NED,1
A MAN,PHIL,1
FLORIST,LARRY,1
FLORIST,NED,1
FLORIST,PHIL,1
